1 ???µ?????	1	1.0	2.22044604925e-16
1 ???µ??	1	1.0	2.22044604925e-16
1 ???µ?	1	1.0	2.22044604925e-16
1 ??µ???	1	1.0	2.22044604925e-16
1 ??µ??	1	1.0	2.22044604925e-16
1 ??µ	1	1.0	2.22044604925e-16
1 ?µ?????	1	1.0	2.22044604925e-16
1 ?µ???	1	1.0	2.22044604925e-16
1 ?ëÞ	1	1.0	2.22044604925e-16
1 ??a	1	1.0	2.22044604925e-16
1 a?????	1	1.0	2.22044604925e-16
1 aar?n	1	1.0	2.22044604925e-16
1 activit?	1	1.0	2.22044604925e-16
1 activit?s	1	1.0	2.22044604925e-16
1 actualizar?	1	1.0	2.22044604925e-16
1 administraci?n	1	1.0	2.22044604925e-16
1 alf?ndega	1	1.0	2.22044604925e-16
1 almac?n	1	1.0	2.22044604925e-16
1 am?rica	1	1.0	2.22044604925e-16
1 am?ricains	1	1.0	2.22044604925e-16
1 am?rique	1	1.0	2.22044604925e-16
1 a??m??vt?z	1	1.0	2.22044604925e-16
1 ?and	1	1.0	2.22044604925e-16
1 anh?nge	1	1.0	2.22044604925e-16
1 ann?e	1	1.0	2.22044604925e-16
1 ann?es	1	1.0	2.22044604925e-16
1 antispam?	1	1.0	2.22044604925e-16
1 a?os	1	1.0	2.22044604925e-16
1 applicat?on	1	1.0	2.22044604925e-16
1 appr?cier	1	1.0	2.22044604925e-16
1 approv?d	1	1.0	2.22044604925e-16
1 apr?s	1	1.0	2.22044604925e-16
1 aritm?ticamente	1	1.0	2.22044604925e-16
1 ?arn	1	1.0	2.22044604925e-16
1 aupr?s	1	1.0	2.22044604925e-16
1 autoris?e	1	1.0	2.22044604925e-16
1 avaliabl?	1	1.0	2.22044604925e-16
1 avis?	1	1.0	2.22044604925e-16
1 ay?	1	1.0	2.22044604925e-16
1 ?µb	1	1.0	2.22044604925e-16
1 b?fore	1	1.0	2.22044604925e-16
1 bibliograf?a	1	1.0	2.22044604925e-16
1 b?ninois	1	1.0	2.22044604925e-16
1 b?nisse	1	1.0	2.22044604925e-16
1 b?nking	1	1.0	2.22044604925e-16
1 b?nkruptcy	1	1.0	2.22044604925e-16
1 bolet?n	1	1.0	2.22044604925e-16
1 br?nds	1	1.0	2.22044604925e-16
1 b?ro	1	1.0	2.22044604925e-16
1 brz?xxjl	1	1.0	2.22044604925e-16
1 b?t?q?tol	1	1.0	2.22044604925e-16
1 ??c?	1	1.0	2.22044604925e-16
1 ca?das	1	1.0	2.22044604925e-16
1 c?alis	1	1.0	2.22044604925e-16
1 c?alissand	1	1.0	2.22044604925e-16
1 capacitaci?n	1	1.0	2.22044604925e-16
1 cap?tulos	1	1.0	2.22044604925e-16
1 cas?no	1	1.0	2.22044604925e-16
1 ?cc?pt?ng	1	1.0	2.22044604925e-16
1 charg?e	1	1.0	2.22044604925e-16
1 ch?rge	1	1.0	2.22044604925e-16
1 ciall?sand	1	1.0	2.22044604925e-16
1 ?c?io	1	1.0	2.22044604925e-16
1 clal?ss	1	1.0	2.22044604925e-16
1 c?le	1	1.0	2.22044604925e-16
1 c?meras	1	1.0	2.22044604925e-16
1 c?moda	1	1.0	2.22044604925e-16
1 c?n	1	1.0	2.22044604925e-16
1 c?ns?lid?tion	1	1.0	2.22044604925e-16
1 commer?ants	1	1.0	2.22044604925e-16
1 companies?	1	1.0	2.22044604925e-16
1 complicit?	1	1.0	2.22044604925e-16
1 comp?ny	1	1.0	2.22044604925e-16
1 conf?dent??l	1	1.0	2.22044604925e-16
1 confidentialit?	1	1.0	2.22044604925e-16
1 conocer?	1	1.0	2.22044604925e-16
1 cons?quent	1	1.0	2.22044604925e-16
1 contact?s	1	1.0	2.22044604925e-16
1 continuaci?n	1	1.0	2.22044604925e-16
1 copiar?	1	1.0	2.22044604925e-16
1 c?rculat?on	1	1.0	2.22044604925e-16
1 cr?ditosx	1	1.0	2.22044604925e-16
1 cr?ez	1	1.0	2.22044604925e-16
1 ?crire	1	1.0	2.22044604925e-16
1 crisp?n	1	1.0	2.22044604925e-16
1 ?cut?	1	1.0	2.22044604925e-16
1 ??d	1	1.0	2.22044604925e-16
1 da?	1	1.0	2.22044604925e-16
1 d?as	1	1.0	2.22044604925e-16
1 d?bit	1	1.0	2.22044604925e-16
1 d?cembre	1	1.0	2.22044604925e-16
1 dej?	1	1.0	2.22044604925e-16
1 delici?	1	1.0	2.22044604925e-16
1 depender?	1	1.0	2.22044604925e-16
1 d?ily	1	1.0	2.22044604925e-16
1 discr?tion	1	1.0	2.22044604925e-16
1 dise?ado	1	1.0	2.22044604925e-16
1 dise?ar	1	1.0	2.22044604925e-16
1 disolv?	1	1.0	2.22044604925e-16
1 don?t	1	1.0	2.22044604925e-16
1 dosp?t	1	1.0	2.22044604925e-16
1 d?p?t	1	1.0	2.22044604925e-16
1 d?scount	1	1.0	2.22044604925e-16
1 d?screet	1	1.0	2.22044604925e-16
1 d?sirent	1	1.0	2.22044604925e-16
1 d?s?rv?	1	1.0	2.22044604925e-16
1 ?dvantag?	1	1.0	2.22044604925e-16
1 d?ys	1	1.0	2.22044604925e-16
1 d??z?p?m	1	1.0	2.22044604925e-16
1 ?e?	1	1.0	2.22044604925e-16
1 e?	1	1.0	2.22044604925e-16
1 ?ed	1	1.0	2.22044604925e-16
1 edif?cio	1	1.0	2.22044604925e-16
1 effectu?	1	1.0	2.22044604925e-16
1 e??h	1	1.0	2.22044604925e-16
1 einf?gen	1	1.0	2.22044604925e-16
1 eletr?nicos	1	1.0	2.22044604925e-16
1 elim?nat?	1	1.0	2.22044604925e-16
1 emb?r?ssment	1	1.0	2.22044604925e-16
1 emp?rica	1	1.0	2.22044604925e-16
1 enam?rate	1	1.0	2.22044604925e-16
1 enr?gistrer	1	1.0	2.22044604925e-16
1 ent?r	1	1.0	2.22044604925e-16
1 env?anos	1	1.0	2.22044604925e-16
1 e?p	1	1.0	2.22044604925e-16
1 episc?pios	1	1.0	2.22044604925e-16
1 ??erp	1	1.0	2.22044604925e-16
1 ?erp	1	1.0	2.22044604925e-16
1 err?neamente	1	1.0	2.22044604925e-16
1 err?neo	1	1.0	2.22044604925e-16
1 escribir?	1	1.0	2.22044604925e-16
1 espa?a	1	1.0	2.22044604925e-16
1 estat?stico	1	1.0	2.22044604925e-16
1 estrat?gicos	1	1.0	2.22044604925e-16
1 evitar?	1	1.0	2.22044604925e-16
1 ex?ct	1	1.0	2.22044604925e-16
1 exig?	1	1.0	2.22044604925e-16
1 ex?menes	1	1.0	2.22044604925e-16
1 ?father	1	1.0	2.22044604925e-16
1 ?ffectuer	1	1.0	2.22044604925e-16
1 ?ffffal	1	1.0	2.22044604925e-16
1 ?ffffal?ffffa	1	1.0	2.22044604925e-16
1 ?ffffbf?ffffal	1	1.0	2.22044604925e-16
1 ?ffffce	1	1.0	2.22044604925e-16
1 ?ffffcl?ffffc	1	1.0	2.22044604925e-16
1 ?ffffco?ffffd	1	1.0	2.22044604925e-16
1 ?ffffd	1	1.0	2.22044604925e-16
1 ?fffff	1	1.0	2.22044604925e-16
1 f?gen	1	1.0	2.22044604925e-16
1 ?fhl	1	1.0	2.22044604925e-16
1 financi?res	1	1.0	2.22044604925e-16
1 f?llen	1	1.0	2.22044604925e-16
1 ???fn?	1	1.0	2.22044604925e-16
1 ?f?r	1	1.0	2.22044604925e-16
1 fr??	1	1.0	2.22044604925e-16
1 fr?sh	1	1.0	2.22044604925e-16
1 f?rst	1	1.0	2.22044604925e-16
1 ft?b	1	1.0	2.22044604925e-16
1 garc?a	1	1.0	2.22044604925e-16
1 g?del	1	1.0	2.22044604925e-16
1 gener?c	1	1.0	2.22044604925e-16
1 g?n?r?c	1	1.0	2.22044604925e-16
1 g?ntel	1	1.0	2.22044604925e-16
1 g?r?	1	1.0	2.22044604925e-16
1 grab?	1	1.0	2.22044604925e-16
1 gr?ce	1	1.0	2.22044604925e-16
1 gr?de	1	1.0	2.22044604925e-16
1 g?t	1	1.0	2.22044604925e-16
1 gu?r?ntee	1	1.0	2.22044604925e-16
1 gustar?a	1	1.0	2.22044604925e-16
1 ???gy	1	1.0	2.22044604925e-16
1 ?hall	1	1.0	2.22044604925e-16
1 ?h??g	1	1.0	2.22044604925e-16
1 h?ganos	1	1.0	2.22044604925e-16
1 h?lf	1	1.0	2.22044604925e-16
1 h?lp	1	1.0	2.22044604925e-16
1 hn?	1	1.0	2.22044604925e-16
1 hnx?	1	1.0	2.22044604925e-16
1 home?ffff	1	1.0	2.22044604925e-16
1 honn?te	1	1.0	2.22044604925e-16
1 h?re	1	1.0	2.22044604925e-16
1 h?sitez	1	1.0	2.22044604925e-16
1 h?t	1	1.0	2.22044604925e-16
1 h?ve	1	1.0	2.22044604925e-16
1 h?w	1	1.0	2.22044604925e-16
1 hyp?	1	1.0	2.22044604925e-16
1 hyperp?ginas	1	1.0	2.22044604925e-16
1 ??i	1	1.0	2.22044604925e-16
1 i?	1	1.0	2.22044604925e-16
1 ????????ie	1	1.0	2.22044604925e-16
1 ???ie?	1	1.0	2.22044604925e-16
1 ??µ?????ie	1	1.0	2.22044604925e-16
1 ??ie	1	1.0	2.22044604925e-16
1 illimit?	1	1.0	2.22044604925e-16
1 ilmodalit?s	1	1.0	2.22044604925e-16
1 ?important	1	1.0	2.22044604925e-16
1 inclu?	1	1.0	2.22044604925e-16
1 inscribir?	1	1.0	2.22044604925e-16
1 inter?s	1	1.0	2.22044604925e-16
1 int?rcourse	1	1.0	2.22044604925e-16
1 inversi?n	1	1.0	2.22044604925e-16
1 invitaci?n	1	1.0	2.22044604925e-16
1 j??	1	1.0	2.22044604925e-16
1 jo?o	1	1.0	2.22044604925e-16
1 ju?rez	1	1.0	2.22044604925e-16
1 ?k	1	1.0	2.22044604925e-16
1 k?mmern	1	1.0	2.22044604925e-16
1 k?nnen	1	1.0	2.22044604925e-16
1 k?nnten	1	1.0	2.22044604925e-16
1 k?v	1	1.0	2.22044604925e-16
1 ????l	1	1.0	2.22044604925e-16
1 l?ans	1	1.0	2.22044604925e-16
1 l?bor?tory	1	1.0	2.22044604925e-16
1 ?lcohol	1	1.0	2.22044604925e-16
1 ?lection	1	1.0	2.22044604925e-16
1 leer?	1	1.0	2.22044604925e-16
1 l?galement	1	1.0	2.22044604925e-16
1 linn?us	1	1.0	2.22044604925e-16
1 list?	1	1.0	2.22044604925e-16
1 ?ll	1	1.0	2.22044604925e-16
1 ?l?minati?n	1	1.0	2.22044604925e-16
1 l?m?t?d	1	1.0	2.22044604925e-16
1 l?m?ted	1	1.0	2.22044604925e-16
1 l?nea	1	1.0	2.22044604925e-16
1 l?neas	1	1.0	2.22044604925e-16
1 lodgment?	1	1.0	2.22044604925e-16
1 los?	1	1.0	2.22044604925e-16
1 loter?a	1	1.0	2.22044604925e-16
1 low?st	1	1.0	2.22044604925e-16
1 l?pezdepartamento	1	1.0	2.22044604925e-16
1 l?p?tor	1	1.0	2.22044604925e-16
1 ?lso	1	1.0	2.22044604925e-16
1 ??lu	1	1.0	2.22044604925e-16
1 ?lucky	1	1.0	2.22044604925e-16
1 l?vy	1	1.0	2.22044604925e-16
1 l?ws	1	1.0	2.22044604925e-16
1 ?m?	1	1.0	2.22044604925e-16
1 m????	1	1.0	2.22044604925e-16
1 m?b?ef?	1	1.0	2.22044604925e-16
1 mb?en	1	1.0	2.22044604925e-16
1 mb?jbrbrpartial	1	1.0	2.22044604925e-16
1 m?de	1	1.0	2.22044604925e-16
1 m?e	1	1.0	2.22044604925e-16
1 med?c?l	1	1.0	2.22044604925e-16
1 m?glich	1	1.0	2.22044604925e-16
1 m?glichen	1	1.0	2.22044604925e-16
1 mi?rcolesyjuevesde	1	1.0	2.22044604925e-16
1 ???m?l	1	1.0	2.22044604925e-16
1 m?ld	1	1.0	2.22044604925e-16
1 m?nchen	1	1.0	2.22044604925e-16
1 ?mo	1	1.0	2.22044604925e-16
1 modernizaci?n	1	1.0	2.22044604925e-16
1 mod?r?t?	1	1.0	2.22044604925e-16
1 m?rtgage	1	1.0	2.22044604925e-16
1 m?talliques	1	1.0	2.22044604925e-16
1 m?tisse	1	1.0	2.22044604925e-16
1 mu?	1	1.0	2.22044604925e-16
1 m?w?sm???	1	1.0	2.22044604925e-16
1 m?y	1	1.0	2.22044604925e-16
1 ?n??	1	1.0	2.22044604925e-16
1 ?n	1	1.0	2.22044604925e-16
1 n??	1	1.0	2.22044604925e-16
1 nationalit?	1	1.0	2.22044604925e-16
1 ?nc	1	1.0	2.22044604925e-16
1 ?ncludes	1	1.0	2.22044604925e-16
1 ?ncom?	1	1.0	2.22044604925e-16
1 ?nd	1	1.0	2.22044604925e-16
1 necess?ria	1	1.0	2.22044604925e-16
1 negociaci?n	1	1.0	2.22044604925e-16
1 n?egs	1	1.0	2.22044604925e-16
1 nex?om	1	1.0	2.22044604925e-16
1 ?ngel	1	1.0	2.22044604925e-16
1 ?ngred?ents	1	1.0	2.22044604925e-16
1 ?nico	1	1.0	2.22044604925e-16
1 ni?o	1	1.0	2.22044604925e-16
1 ?nj?	1	1.0	2.22044604925e-16
1 ?nlarg?	1	1.0	2.22044604925e-16
1 n?me	1	1.0	2.22044604925e-16
1 nterm?ne	1	1.0	2.22044604925e-16
1 ?nternet	1	1.0	2.22044604925e-16
1 ?ntimamente	1	1.0	2.22044604925e-16
1 ???nu?v?q?	1	1.0	2.22044604925e-16
1 n?w	1	1.0	2.22044604925e-16
1 n?xmg	1	1.0	2.22044604925e-16
1 ?nx??ty	1	1.0	2.22044604925e-16
1 ????o	1	1.0	2.22044604925e-16
1 o?	1	1.0	2.22044604925e-16
1 obtendr?	1	1.0	2.22044604925e-16
1 ocasi?n	1	1.0	2.22044604925e-16
1 ?of	1	1.0	2.22044604925e-16
1 ol??	1	1.0	2.22044604925e-16
1 ol?	1	1.0	2.22044604925e-16
1 ?om	1	1.0	2.22044604925e-16
1 onl?n?	1	1.0	2.22044604925e-16
1 op?ration	1	1.0	2.22044604925e-16
1 op?rations	1	1.0	2.22044604925e-16
1 overn?ght	1	1.0	2.22044604925e-16
1 p??	1	1.0	2.22044604925e-16
1 p?	1	1.0	2.22044604925e-16
1 pat??	1	1.0	2.22044604925e-16
1 ??pb??????	1	1.0	2.22044604925e-16
1 p?blica	1	1.0	2.22044604925e-16
1 p?blicas	1	1.0	2.22044604925e-16
1 p?ck?g?ng	1	1.0	2.22044604925e-16
1 pe?a	1	1.0	2.22044604925e-16
1 p?ils	1	1.0	2.22044604925e-16
1 pla?t	1	1.0	2.22044604925e-16
1 ?p?l?psy	1	1.0	2.22044604925e-16
1 podr?	1	1.0	2.22044604925e-16
1 pol?ticas	1	1.0	2.22044604925e-16
1 pondr?	1	1.0	2.22044604925e-16
1 p?opl?	1	1.0	2.22044604925e-16
1 po?sie	1	1.0	2.22044604925e-16
1 ?ppet?te	1	1.0	2.22044604925e-16
1 pphenterm?ne	1	1.0	2.22044604925e-16
1 ?ppl?c?t?ons	1	1.0	2.22044604925e-16
1 ?pply	1	1.0	2.22044604925e-16
1 ?ppo?ntments	1	1.0	2.22044604925e-16
1 pr?caution	1	1.0	2.22044604925e-16
1 pr?ce	1	1.0	2.22044604925e-16
1 precisar?o	1	1.0	2.22044604925e-16
1 prescr?ptions	1	1.0	2.22044604925e-16
1 prescr?pt?on	1	1.0	2.22044604925e-16
1 pr?freable	1	1.0	2.22044604925e-16
1 pr?f?rence	1	1.0	2.22044604925e-16
1 pric?	1	1.0	2.22044604925e-16
1 p?riode	1	1.0	2.22044604925e-16
1 pr?m?r?ly	1	1.0	2.22044604925e-16
1 proc?der	1	1.0	2.22044604925e-16
1 producci?n	1	1.0	2.22044604925e-16
1 product?on	1	1.0	2.22044604925e-16
1 program?vel	1	1.0	2.22044604925e-16
1 promoci?n	1	1.0	2.22044604925e-16
1 propri?taire	1	1.0	2.22044604925e-16
1 pr?or	1	1.0	2.22044604925e-16
1 prouv?	1	1.0	2.22044604925e-16
1 p?rrafo	1	1.0	2.22044604925e-16
1 pr?sente	1	1.0	2.22044604925e-16
1 pr?v?te	1	1.0	2.22044604925e-16
1 pr?ximas	1	1.0	2.22044604925e-16
1 pr?ximo	1	1.0	2.22044604925e-16
1 ?ptima	1	1.0	2.22044604925e-16
1 p?x?l	1	1.0	2.22044604925e-16
1 q?	1	1.0	2.22044604925e-16
1 ?qjkc	1	1.0	2.22044604925e-16
1 q?k?	1	1.0	2.22044604925e-16
1 quantit?	1	1.0	2.22044604925e-16
1 quantit?s	1	1.0	2.22044604925e-16
1 r????	1	1.0	2.22044604925e-16
1 r???	1	1.0	2.22044604925e-16
1 ?ra	1	1.0	2.22044604925e-16
1 r?alisation	1	1.0	2.22044604925e-16
1 rapproch?	1	1.0	2.22044604925e-16
1 rat?	1	1.0	2.22044604925e-16
1 r?clamer	1	1.0	2.22044604925e-16
1 ?rdenes	1	1.0	2.22044604925e-16
1 ??re	1	1.0	2.22044604925e-16
1 ?reµa	1	1.0	2.22044604925e-16
1 realizar?n	1	1.0	2.22044604925e-16
1 ?reas	1	1.0	2.22044604925e-16
1 recens?	1	1.0	2.22044604925e-16
1 regal?s	1	1.0	2.22044604925e-16
1 re?ne	1	1.0	2.22044604925e-16
1 rest?r?	1	1.0	2.22044604925e-16
1 r?glement	1	1.0	2.22044604925e-16
1 r?l??f	1	1.0	2.22044604925e-16
1 r?l??v?	1	1.0	2.22044604925e-16
1 r?num?ratrices	1	1.0	2.22044604925e-16
1 ro?an	1	1.0	2.22044604925e-16
1 rob?s	1	1.0	2.22044604925e-16
1 ?rotique	1	1.0	2.22044604925e-16
1 ?rr	1	1.0	2.22044604925e-16
1 r?sults	1	1.0	2.22044604925e-16
1 ?rt	1	1.0	2.22044604925e-16
1 r?tes	1	1.0	2.22044604925e-16
1 ?rtsat	1	1.0	2.22044604925e-16
1 r?venus	1	1.0	2.22044604925e-16
1 r?ver	1	1.0	2.22044604925e-16
1 r?w	1	1.0	2.22044604925e-16
1 ?s	1	1.0	2.22044604925e-16
1 sav?d	1	1.0	2.22044604925e-16
1 s?curit?	1	1.0	2.22044604925e-16
1 ?sd	1	1.0	2.22044604925e-16
1 s?duite	1	1.0	2.22044604925e-16
1 secci?n	1	1.0	2.22044604925e-16
1 security?f?	1	1.0	2.22044604925e-16
1 se?or	1	1.0	2.22044604925e-16
1 sh?p	1	1.0	2.22044604925e-16
1 sh?pp?ng	1	1.0	2.22044604925e-16
1 s?hr?	1	1.0	2.22044604925e-16
1 sh?w	1	1.0	2.22044604925e-16
1 simi?	1	1.0	2.22044604925e-16
1 s?lidos	1	1.0	2.22044604925e-16
1 s?ll?ng	1	1.0	2.22044604925e-16
1 s?me	1	1.0	2.22044604925e-16
1 sp?ciales	1	1.0	2.22044604925e-16
1 sp?sms	1	1.0	2.22044604925e-16
1 ?spy	1	1.0	2.22044604925e-16
1 sqt?h	1	1.0	2.22044604925e-16
1 ?ste	1	1.0	2.22044604925e-16
1 st?te	1	1.0	2.22044604925e-16
1 succ?ss	1	1.0	2.22044604925e-16
1 suppress?nt	1	1.0	2.22044604925e-16
1 s?wµ?	1	1.0	2.22044604925e-16
1 ??t	1	1.0	2.22044604925e-16
1 t??	1	1.0	2.22044604925e-16
1 ?tant	1	1.0	2.22044604925e-16
1 ?tat	1	1.0	2.22044604925e-16
1 taylor?	1	1.0	2.22044604925e-16
1 t?blets	1	1.0	2.22044604925e-16
1 t?cnicos	1	1.0	2.22044604925e-16
1 t?day	1	1.0	2.22044604925e-16
1 t?ei	1	1.0	2.22044604925e-16
1 teol?gico	1	1.0	2.22044604925e-16
1 termin?	1	1.0	2.22044604925e-16
1 th?	1	1.0	2.22044604925e-16
1 ?thers	1	1.0	2.22044604925e-16
1 ?tica	1	1.0	2.22044604925e-16
1 ?ticas	1	1.0	2.22044604925e-16
1 tiergartenstra?e	1	1.0	2.22044604925e-16
1 tim?	1	1.0	2.22044604925e-16
1 today?ffff	1	1.0	2.22044604925e-16
1 ?to????dpw??	1	1.0	2.22044604925e-16
1 tod?y	1	1.0	2.22044604925e-16
1 ?tonner	1	1.0	2.22044604925e-16
1 toung?	1	1.0	2.22044604925e-16
1 trait?e	1	1.0	2.22044604925e-16
1 transfiguraci?n	1	1.0	2.22044604925e-16
1 t?rm	1	1.0	2.22044604925e-16
1 tr?sors	1	1.0	2.22044604925e-16
1 tr??t	1	1.0	2.22044604925e-16
1 ??tt?	1	1.0	2.22044604925e-16
1 t?t	1	1.0	2.22044604925e-16
1 t?te	1	1.0	2.22044604925e-16
1 tt?y	1	1.0	2.22044604925e-16
1 t??u	1	1.0	2.22044604925e-16
1 tu?	1	1.0	2.22044604925e-16
1 tu?e	1	1.0	2.22044604925e-16
1 ???u??	1	1.0	2.22044604925e-16
1 ?u	1	1.0	2.22044604925e-16
1 u?	1	1.0	2.22044604925e-16
1 un?	1	1.0	2.22044604925e-16
1 universit?t	1	1.0	2.22044604925e-16
1 ?unsubscribeó	1	1.0	2.22044604925e-16
1 unverz?glich	1	1.0	2.22044604925e-16
1 us??	1	1.0	2.22044604925e-16
1 us?ng	1	1.0	2.22044604925e-16
1 ?v??	1	1.0	2.22044604925e-16
1 v?	1	1.0	2.22044604925e-16
1 v?ag	1	1.0	2.22044604925e-16
1 viaggr?	1	1.0	2.22044604925e-16
1 viagr?	1	1.0	2.22044604925e-16
1 vi?ggraand	1	1.0	2.22044604925e-16
1 vlaggr?	1	1.0	2.22044604925e-16
1 ?v??l?ble	1	1.0	2.22044604925e-16
1 v?liumm	1	1.0	2.22044604925e-16
1 v?llium	1	1.0	2.22044604925e-16
1 v?llum	1	1.0	2.22044604925e-16
1 v?l?um	1	1.0	2.22044604925e-16
1 volver?	1	1.0	2.22044604925e-16
1 v?oxx	1	1.0	2.22044604925e-16
1 ???vr	1	1.0	2.22044604925e-16
1 v?racit?	1	1.0	2.22044604925e-16
1 ?vr?µayu	1	1.0	2.22044604925e-16
1 vv??gr?	1	1.0	2.22044604925e-16
1 ?vw	1	1.0	2.22044604925e-16
1 v??w	1	1.0	2.22044604925e-16
1 vybran?m	1	1.0	2.22044604925e-16
1 we?ght	1	1.0	2.22044604925e-16
1 wh?t	1	1.0	2.22044604925e-16
1 ?why	1	1.0	2.22044604925e-16
1 w?ll	1	1.0	2.22044604925e-16
1 wof?ryvum	1	1.0	2.22044604925e-16
1 w?thdr?w?ls	1	1.0	2.22044604925e-16
1 w??t?ng	1	1.0	2.22044604925e-16
1 ?x	1	1.0	2.22044604925e-16
1 x??	1	1.0	2.22044604925e-16
1 x?	1	1.0	2.22044604925e-16
1 xlj?	1	1.0	2.22044604925e-16
1 ?xq	1	1.0	2.22044604925e-16
1 x??yrlh	1	1.0	2.22044604925e-16
1 ?xzn	1	1.0	2.22044604925e-16
1 y??	1	1.0	2.22044604925e-16
1 y?µa	1	1.0	2.22044604925e-16
1 ?yh	1	1.0	2.22044604925e-16
1 ?yiyh	1	1.0	2.22044604925e-16
1 ?yo????a	1	1.0	2.22044604925e-16
1 yp?piw	1	1.0	2.22044604925e-16
1 ?y??u	1	1.0	2.22044604925e-16
1 y?u	1	1.0	2.22044604925e-16
1 ??z	1	1.0	2.22044604925e-16
1 ?z	1	1.0	2.22044604925e-16
1 z??	1	1.0	2.22044604925e-16
1 z?calo	1	1.0	2.22044604925e-16
1 zf?t	1	1.0	2.22044604925e-16
1 z?j	1	1.0	2.22044604925e-16
1 zp?sob?m	1	1.0	2.22044604925e-16
2 ?µ??	2	2.0	2.22044604925e-16
2 acc?s	2	2.0	2.22044604925e-16
2 acess?rios	1	2.0	2.22044604925e-16
2 administra??o	2	2.0	2.22044604925e-16
2 ail?n	2	2.0	2.22044604925e-16
2 a??klaman?n	2	2.0	2.22044604925e-16
2 alaca??	2	2.0	2.22044604925e-16
2 ?al??malar?n?zda	2	2.0	2.22044604925e-16
2 al?naca??	2	2.0	2.22044604925e-16
2 aplicaci?n	1	2.0	2.22044604925e-16
2 apresenta??es	2	2.0	2.22044604925e-16
2 ara?t?rma	2	2.0	2.22044604925e-16
2 arrang?	2	2.0	2.22044604925e-16
2 assassin?	2	2.0	2.22044604925e-16
2 auszuf?llen	2	2.0	2.22044604925e-16
2 autom?tico	2	2.0	2.22044604925e-16
2 b?	2	2.0	2.22044604925e-16
2 ba?ar?lar	2	2.0	2.22044604925e-16
2 balla?	2	2.0	2.22044604925e-16
2 ba?vurmay?	2	2.0	2.22044604925e-16
2 b?blico	1	2.0	2.22044604925e-16
2 b?ck	1	2.0	2.22044604925e-16
2 ?berall	2	2.0	2.22044604925e-16
2 ?bertragenen	2	2.0	2.22044604925e-16
2 betr?gereien	2	2.0	2.22044604925e-16
2 b?n?fique	2	2.0	2.22044604925e-16
2 ?bobbyó	1	2.0	2.22044604925e-16
2 ?brigens	2	2.0	2.22044604925e-16
2 brother?ffffae	2	2.0	2.22044604925e-16
2 b??st	2	2.0	2.22044604925e-16
2 b?st	2	2.0	2.22044604925e-16
2 bulundu?umuz	2	2.0	2.22044604925e-16
2 b?y?k	2	2.0	2.22044604925e-16
2 ?c	1	2.0	2.22044604925e-16
2 caf?	2	2.0	2.22044604925e-16
2 cantinacart?o	2	2.0	2.22044604925e-16
2 cd?ffff	2	2.0	2.22044604925e-16
2 cevaplar?n?n	2	2.0	2.22044604925e-16
2 cevaplayanlar?n	2	2.0	2.22044604925e-16
2 ch?apest	2	2.0	2.22044604925e-16
2 charg?	2	2.0	2.22044604925e-16
2 choile?in	2	2.0	2.22044604925e-16
2 cil?ndros	2	2.0	2.22044604925e-16
2 cl?ck	2	2.0	2.22044604925e-16
2 c?modamente	2	2.0	2.22044604925e-16
2 commer?ant	2	2.0	2.22044604925e-16
2 complac?ncia	2	2.0	2.22044604925e-16
2 compromo??o	2	2.0	2.22044604925e-16
2 com?rcio	2	2.0	2.22044604925e-16
2 concorr?ncia	2	2.0	2.22044604925e-16
2 confirma??o	1	2.0	2.22044604925e-16
2 consejer?a	1	2.0	2.22044604925e-16
2 consult?t?on	1	2.0	2.22044604925e-16
2 cont?ctenos	2	2.0	2.22044604925e-16
2 cont?m	2	2.0	2.22044604925e-16
2 coop?ration	2	2.0	2.22044604925e-16
2 cotizaci?n	2	2.0	2.22044604925e-16
2 crian?as	2	2.0	2.22044604925e-16
2 crian?asa??o	2	2.0	2.22044604925e-16
2 c?sts	2	2.0	2.22044604925e-16
2 ?µd	1	2.0	2.22044604925e-16
2 d?cid?	2	2.0	2.22044604925e-16
2 dep?sito	2	2.0	2.22044604925e-16
2 dhamhsa?	2	2.0	2.22044604925e-16
2 dhl?thdhiosca	2	2.0	2.22044604925e-16
2 direct?rios	2	2.0	2.22044604925e-16
2 disposici?n	2	2.0	2.22044604925e-16
2 d?neminin	2	2.0	2.22044604925e-16
2 d???n?yorsunuz	2	2.0	2.22044604925e-16
2 d???n?yoruz	2	2.0	2.22044604925e-16
2 dolay?s?yla	2	2.0	2.22044604925e-16
2 d?penses	2	2.0	2.22044604925e-16
2 d?sinscription	2	2.0	2.22044604925e-16
2 d?sinscrire	2	2.0	2.22044604925e-16
2 d?sseldorf	1	2.0	2.22044604925e-16
2 eclesi?stico	2	2.0	2.22044604925e-16
2 eletr?nico	2	2.0	2.22044604925e-16
2 eleva??o	2	2.0	2.22044604925e-16
2 employ?	2	2.0	2.22044604925e-16
2 engag?s	2	2.0	2.22044604925e-16
2 enlarg?m?nt	2	2.0	2.22044604925e-16
2 ent?o	2	2.0	2.22044604925e-16
2 entr?es	2	2.0	2.22044604925e-16
2 ?er?evede	2	2.0	2.22044604925e-16
2 ?er?evesinde	2	2.0	2.22044604925e-16
2 ermeyece?i	2	2.0	2.22044604925e-16
2 erz?hlen	2	2.0	2.22044604925e-16
2 espa?o	2	2.0	2.22044604925e-16
2 espa?ol	1	2.0	2.22044604925e-16
2 est?o	2	2.0	2.22044604925e-16
2 ??f	1	2.0	2.22044604925e-16
2 fabrica??o	2	2.0	2.22044604925e-16
2 ?f?f?	2	2.0	2.22044604925e-16
2 ?ffffba?ffffb	2	2.0	2.22044604925e-16
2 ?ffffc	1	2.0	2.22044604925e-16
2 fh?ir	2	2.0	2.22044604925e-16
2 fh?mhair	2	2.0	2.22044604925e-16
2 f?idir	2	2.0	2.22044604925e-16
2 fid?lit?	2	2.0	2.22044604925e-16
2 f?il	2	2.0	2.22044604925e-16
2 flash?	2	2.0	2.22044604925e-16
2 f?nebres	2	2.0	2.22044604925e-16
2 ?f?r?	2	2.0	2.22044604925e-16
2 frequ?ncias	2	2.0	2.22044604925e-16
2 ?fters	2	2.0	2.22044604925e-16
2 ?g	1	2.0	2.22044604925e-16
2 ?ga	2	2.0	2.22044604925e-16
2 gazetes?	2	2.0	2.22044604925e-16
2 geli?meler	2	2.0	2.22044604925e-16
2 gerekti?ini	2	2.0	2.22044604925e-16
2 g?mm?cks	2	2.0	2.22044604925e-16
2 g?nderebilirsiniz	2	2.0	2.22044604925e-16
2 g?nler	2	2.0	2.22044604925e-16
2 g?rd?k	2	2.0	2.22044604925e-16
2 g?r??lerine	2	2.0	2.22044604925e-16
2 g?r??lerinizi	2	2.0	2.22044604925e-16
2 gu?rant??	1	2.0	2.22044604925e-16
2 hei?e	2	2.0	2.22044604925e-16
2 h?g?in	2	2.0	2.22044604925e-16
2 hidr?ulico	2	2.0	2.22044604925e-16
2 hon?st	1	2.0	2.22044604925e-16
2 hor?rio	2	2.0	2.22044604925e-16
2 h?ren	2	2.0	2.22044604925e-16
2 h?ritage	2	2.0	2.22044604925e-16
2 humilit?	2	2.0	2.22044604925e-16
2 husband?	1	2.0	2.22044604925e-16
2 ?i	2	2.0	2.22044604925e-16
2 id?xo	2	2.0	2.22044604925e-16
2 i?inde	2	2.0	2.22044604925e-16
2 i?l	2	2.0	2.22044604925e-16
2 ind?stria	2	2.0	2.22044604925e-16
2 ?ine	2	2.0	2.22044604925e-16
2 informa??o	2	2.0	2.22044604925e-16
2 inf?rm?ti?n	2	2.0	2.22044604925e-16
2 ing?nieur	2	2.0	2.22044604925e-16
2 inqui?tude	2	2.0	2.22044604925e-16
2 instala??o	2	2.0	2.22044604925e-16
2 inst?ndig	2	2.0	2.22044604925e-16
2 investigaci?n	1	2.0	2.22044604925e-16
2 ionsa?	2	2.0	2.22044604925e-16
2 ir?o	2	2.0	2.22044604925e-16
2 ?j	2	2.0	2.22044604925e-16
2 jardimdemonstra??o	2	2.0	2.22044604925e-16
2 karma?a	2	2.0	2.22044604925e-16
2 kas?m	2	2.0	2.22044604925e-16
2 k??che	2	2.0	2.22044604925e-16
2 k?nntest	2	2.0	2.22044604925e-16
2 ??l	1	2.0	2.22044604925e-16
2 ?l	2	2.0	2.22044604925e-16
2 l?arn	2	2.0	2.22044604925e-16
2 ?lginiz	2	2.0	2.22044604925e-16
2 lib?rale	2	2.0	2.22044604925e-16
2 licen?a	2	2.0	2.22044604925e-16
2 l?pez	2	2.0	2.22044604925e-16
2 luimn?	2	2.0	2.22044604925e-16
2 m?	1	2.0	2.22044604925e-16
2 ?m	2	2.0	2.22044604925e-16
2 ma?trise	2	2.0	2.22044604925e-16
2 m?chte	2	2.0	2.22044604925e-16
2 mh?la	2	2.0	2.22044604925e-16
2 minist?rios	2	2.0	2.22044604925e-16
2 m?ire	2	2.0	2.22044604925e-16
2 mission?rias	2	2.0	2.22044604925e-16
2 mission?rios	2	2.0	2.22044604925e-16
2 m?me	2	2.0	2.22044604925e-16
2 m?mk?n	2	2.0	2.22044604925e-16
2 m?nima	2	2.0	2.22044604925e-16
2 m?nimo	2	2.0	2.22044604925e-16
2 m?re	2	2.0	2.22044604925e-16
2 m?sicas	2	2.0	2.22044604925e-16
2 multim?dia	1	2.0	2.22044604925e-16
2 muscl?	2	2.0	2.22044604925e-16
2 nas?l	2	2.0	2.22044604925e-16
2 ?ncora	2	2.0	2.22044604925e-16
2 ?ncreased	1	2.0	2.22044604925e-16
2 ?nem	2	2.0	2.22044604925e-16
2 ?ng?r?len	2	2.0	2.22044604925e-16
2 ning?n	2	2.0	2.22044604925e-16
2 n?vel	2	2.0	2.22044604925e-16
2 of?cios	2	2.0	2.22044604925e-16
2 ?ok	2	2.0	2.22044604925e-16
2 oldu?unca	2	2.0	2.22044604925e-16
2 olmas?	2	2.0	2.22044604925e-16
2 opportunit?	1	2.0	2.22044604925e-16
2 or?amento	2	2.0	2.22044604925e-16
2 p?cheur	2	2.0	2.22044604925e-16
2 p?es	2	2.0	2.22044604925e-16
2 ph?rm?ceut?c?ls	1	2.0	2.22044604925e-16
2 p?lis	2	2.0	2.22044604925e-16
2 p?ll	2	2.0	2.22044604925e-16
2 p?lls	2	2.0	2.22044604925e-16
2 p?nis	2	2.0	2.22044604925e-16
2 p?n?s	2	2.0	2.22044604925e-16
2 portugu?s	2	2.0	2.22044604925e-16
2 pos?lejte	2	2.0	2.22044604925e-16
2 poss?vel	2	2.0	2.22044604925e-16
2 pr?	2	2.0	2.22044604925e-16
2 pr?cieux	1	2.0	2.22044604925e-16
2 pre?os	2	2.0	2.22044604925e-16
2 presentes?o	2	2.0	2.22044604925e-16
2 pr?prio	2	2.0	2.22044604925e-16
2 pr?venir	2	2.0	2.22044604925e-16
2 pr?vu	2	2.0	2.22044604925e-16
2 ?quivalent	2	2.0	2.22044604925e-16
2 ???r?	2	2.0	2.22044604925e-16
2 ra?l	1	2.0	2.22044604925e-16
2 r?ck	2	2.0	2.22044604925e-16
2 recomend?vel	2	2.0	2.22044604925e-16
2 relat?rios	2	2.0	2.22044604925e-16
2 remo??o	2	2.0	2.22044604925e-16
2 reposi??o	2	2.0	2.22044604925e-16
2 retrait?	2	2.0	2.22044604925e-16
2 revis?o	2	2.0	2.22044604925e-16
2 r?ic?	2	2.0	2.22044604925e-16
2 r?pida	2	2.0	2.22044604925e-16
2 r?pondez	2	2.0	2.22044604925e-16
2 r?publique	1	2.0	2.22044604925e-16
2 ?rvµa	1	2.0	2.22044604925e-16
2 s??	2	2.0	2.22044604925e-16
2 sa?l?kl?	2	2.0	2.22044604925e-16
2 salvaci?n	1	2.0	2.22044604925e-16
2 satisfacci?n	2	2.0	2.22044604925e-16
2 sch?chtern	2	2.0	2.22044604925e-16
2 schulm?chen	2	2.0	2.22044604925e-16
2 schutzma?nahmen	2	2.0	2.22044604925e-16
2 ?se	2	2.0	2.22044604925e-16
2 se?imde	2	2.0	2.22044604925e-16
2 se?imlerde	2	2.0	2.22044604925e-16
2 se?imlerin	2	2.0	2.22044604925e-16
2 se?in?n	2	2.0	2.22044604925e-16
2 semin?rios	2	2.0	2.22044604925e-16
2 se??o	2	2.0	2.22044604925e-16
2 serm?esc?lulas	2	2.0	2.22044604925e-16
2 ser?o	2	2.0	2.22044604925e-16
2 servi?os	2	2.0	2.22044604925e-16
2 s?og	2	2.0	2.22044604925e-16
2 spontanit?t	2	2.0	2.22044604925e-16
2 s?ralama	2	2.0	2.22044604925e-16
2 staic?n	2	2.0	2.22044604925e-16
2 strategy?	2	2.0	2.22044604925e-16
2 subscr?b?	2	2.0	2.22044604925e-16
2 sup?rieur	2	2.0	2.22044604925e-16
2 s?v?ngs	1	2.0	2.22044604925e-16
2 ?tait	2	2.0	2.22044604925e-16
2 ta??maktad?r	2	2.0	2.22044604925e-16
2 tan?d?klar?n?za	2	2.0	2.22044604925e-16
2 t?cnico	2	2.0	2.22044604925e-16
2 tecnolog?a	1	2.0	2.22044604925e-16
2 te?ekk?r	2	2.0	2.22044604925e-16
2 tems?lc?l???	2	2.0	2.22044604925e-16
2 teol?gicos	1	2.0	2.22044604925e-16
2 ?tha	2	2.0	2.22044604925e-16
2 ?the	1	2.0	2.22044604925e-16
2 thora?	2	2.0	2.22044604925e-16
2 t?l	1	2.0	2.22044604925e-16
2 tonna?	2	2.0	2.22044604925e-16
2 t?p	2	2.0	2.22044604925e-16
2 trav?s	2	2.0	2.22044604925e-16
2 tr?d	2	2.0	2.22044604925e-16
2 ?tre	2	2.0	2.22044604925e-16
2 ?tudes	2	2.0	2.22044604925e-16
2 ula?abilmesi	2	2.0	2.22044604925e-16
2 unz?hlige	2	2.0	2.22044604925e-16
2 us?d	1	2.0	2.22044604925e-16
2 usu?rio	2	2.0	2.22044604925e-16
2 usu?rios	2	2.0	2.22044604925e-16
2 v?a	2	2.0	2.22044604925e-16
2 v?ce	2	2.0	2.22044604925e-16
2 versp?rst	2	2.0	2.22044604925e-16
2 verst?ndnis	2	2.0	2.22044604925e-16
2 vis?o	2	2.0	2.22044604925e-16
2 v?lida	2	2.0	2.22044604925e-16
2 w??	1	2.0	2.22044604925e-16
2 ?w	2	2.0	2.22044604925e-16
2 w?	2	2.0	2.22044604925e-16
2 w?r	2	2.0	2.22044604925e-16
2 w?rde	2	2.0	2.22044604925e-16
2 w?th	1	2.0	2.22044604925e-16
2 xerox?ffffae	2	2.0	2.22044604925e-16
2 ??y	2	2.0	2.22044604925e-16
2 ?y?	2	2.0	2.22044604925e-16
2 yap?lmas?	2	2.0	2.22044604925e-16
2 yap?lmayaca??	2	2.0	2.22044604925e-16
2 yapmaktad?r	2	2.0	2.22044604925e-16
2 yapmam?z	2	2.0	2.22044604925e-16
2 ?yb	1	2.0	2.22044604925e-16
2 ?yi	2	2.0	2.22044604925e-16
2 ?yx	2	2.0	2.22044604925e-16
2 yx?w	1	2.0	2.22044604925e-16
2 zus?tzliche	2	2.0	2.22044604925e-16
2 zus?tzlichen	2	2.0	2.22044604925e-16
3 ????µ	2	3.0	2.22044604925e-16
3 ???????????????	3	3.0	2.22044604925e-16
3 ?µ	3	3.0	2.22044604925e-16
3 acel?rate	3	3.0	2.22044604925e-16
3 adem?s	2	3.0	2.22044604925e-16
3 agradecer?	3	3.0	2.22044604925e-16
3 as?m	3	3.0	2.22044604925e-16
3 aten??o	3	3.0	2.22044604925e-16
3 autorizaci?n	3	3.0	2.22044604925e-16
3 bo?te	3	3.0	2.22044604925e-16
3 car?cter	3	3.0	2.22044604925e-16
3 c?digo	3	3.0	2.22044604925e-16
3 ch?caras	3	3.0	2.22044604925e-16
3 ci?lis	2	3.0	2.22044604925e-16
3 c?ntimo	3	3.0	2.22044604925e-16
3 con?ctate	3	3.0	2.22044604925e-16
3 cont?	3	3.0	2.22044604925e-16
3 contrata??o	3	3.0	2.22044604925e-16
3 conven??es	3	3.0	2.22044604925e-16
3 d?	3	3.0	2.22044604925e-16
3 da?os	3	3.0	2.22044604925e-16
3 direcci?n	2	3.0	2.22044604925e-16
3 d?lares	2	3.0	2.22044604925e-16
3 d?pos?	3	3.0	2.22044604925e-16
3 duraci?n	1	3.0	2.22044604925e-16
3 ejaculat?on	3	3.0	2.22044604925e-16
3 endere?o	3	3.0	2.22044604925e-16
3 env?an	3	3.0	2.22044604925e-16
3 env?e	1	3.0	2.22044604925e-16
3 est?n	3	3.0	2.22044604925e-16
3 ?ffff	3	3.0	2.22044604925e-16
3 ?ffffe	2	3.0	2.22044604925e-16
3 gar?on	3	3.0	2.22044604925e-16
3 g?nn	3	3.0	2.22044604925e-16
3 graduaci?n	1	3.0	2.22044604925e-16
3 h?	3	3.0	2.22044604925e-16
3 imparti?	3	3.0	2.22044604925e-16
3 inesquec?vel	3	3.0	2.22044604925e-16
3 m?rida	1	3.0	2.22044604925e-16
3 m?sica	3	3.0	2.22044604925e-16
3 nestl?	3	3.0	2.22044604925e-16
3 ?nica	3	3.0	2.22044604925e-16
3 ni?os	3	3.0	2.22044604925e-16
3 num?ros	3	3.0	2.22044604925e-16
3 organizaci?n	2	3.0	2.22044604925e-16
3 others?ffff	3	3.0	2.22044604925e-16
3 qu?	3	3.0	2.22044604925e-16
3 ?re	3	3.0	2.22044604925e-16
3 realizar?	3	3.0	2.22044604925e-16
3 recepci?n	3	3.0	2.22044604925e-16
3 rese?a	3	3.0	2.22044604925e-16
3 revelaci?n	3	3.0	2.22044604925e-16
3 revisi?n	3	3.0	2.22044604925e-16
3 s?	3	3.0	2.22044604925e-16
3 ser?	3	3.0	2.22044604925e-16
3 servi?o	3	3.0	2.22044604925e-16
3 s?lo	3	3.0	2.22044604925e-16
3 s?tios	3	3.0	2.22044604925e-16
3 st?rt	2	3.0	2.22044604925e-16
3 suppliers?ffff	3	3.0	2.22044604925e-16
3 t?	3	3.0	2.22044604925e-16
3 t?l?phonez	3	3.0	2.22044604925e-16
3 ?tranger	3	3.0	2.22044604925e-16
3 t?rminos	3	3.0	2.22044604925e-16
3 v??	1	3.0	2.22044604925e-16
3 v?deo	3	3.0	2.22044604925e-16
3 vergn?gen	3	3.0	2.22044604925e-16
3 ?www	2	3.0	2.22044604925e-16
3 ?y	3	3.0	2.22044604925e-16
4 ?ë	1	4.0	2.22044604925e-16
4 ??????????????	2	4.0	2.22044604925e-16
4 antivirus?ffff	4	4.0	2.22044604925e-16
4 a?o	3	4.0	2.22044604925e-16
4 as?	4	4.0	2.22044604925e-16
4 belirsizli?in	2	4.0	2.22044604925e-16
4 ch?il?	2	4.0	2.22044604925e-16
4 cleansweep?ffff	4	4.0	2.22044604925e-16
4 c?lulas	2	4.0	2.22044604925e-16
4 consolida??o	2	4.0	2.22044604925e-16
4 c?te	2	4.0	2.22044604925e-16
4 damhsa?	2	4.0	2.22044604925e-16
4 d?bt	1	4.0	2.22044604925e-16
4 ?f	3	4.0	2.22044604925e-16
4 ?ffffbe?ffffc	2	4.0	2.22044604925e-16
4 fr?re	2	4.0	2.22044604925e-16
4 geni?	2	4.0	2.22044604925e-16
4 ghost?ffff	4	4.0	2.22044604925e-16
4 goback?ffffae	4	4.0	2.22044604925e-16
4 gr??en	4	4.0	2.22044604925e-16
4 hidr?ulicos	4	4.0	2.22044604925e-16
4 i?in	2	4.0	2.22044604925e-16
4 kapsaml?	2	4.0	2.22044604925e-16
4 l?chel	2	4.0	2.22044604925e-16
4 l?deres	2	4.0	2.22044604925e-16
4 m?nimas	1	4.0	2.22044604925e-16
4 ?nline	2	4.0	2.22044604925e-16
4 p?blico	3	4.0	2.22044604925e-16
4 p?re	2	4.0	2.22044604925e-16
4 p?s	2	4.0	2.22044604925e-16
4 ???r	4	4.0	2.22044604925e-16
4 sec??o	4	4.0	2.22044604925e-16
4 se?imler	2	4.0	2.22044604925e-16
4 sonras?nda	2	4.0	2.22044604925e-16
4 sp?ciaux	4	4.0	2.22044604925e-16
4 ?t	3	4.0	2.22044604925e-16
4 ?t?	4	4.0	2.22044604925e-16
4 tra??o	2	4.0	2.22044604925e-16
4 tr?sor	2	4.0	2.22044604925e-16
4 utilities?ffff	4	4.0	2.22044604925e-16
4 winfax?ffff	4	4.0	2.22044604925e-16
4 y?	3	4.0	2.22044604925e-16
4 y?n?nde	2	4.0	2.22044604925e-16
5 ?µ?	5	5.0	2.22044604925e-16
5 ?µa	1	5.0	2.22044604925e-16
5 at?	5	5.0	2.22044604925e-16
5 atenci?n	5	5.0	2.22044604925e-16
5 ?ber	5	5.0	2.22044604925e-16
5 c?mo	2	5.0	2.22044604925e-16
5 don?	1	5.0	2.22044604925e-16
5 ?f???	3	5.0	2.22044604925e-16
5 h?r?	5	5.0	2.22044604925e-16
5 lo?n	5	5.0	2.22044604925e-16
5 ?o	3	5.0	2.22044604925e-16
5 r??	2	5.0	2.22044604925e-16
5 r?	4	5.0	2.22044604925e-16
5 seguran?a	5	5.0	2.22044604925e-16
5 tendr?	5	5.0	2.22044604925e-16
5 tr?s	5	5.0	2.22044604925e-16
6 b?nin	1	6.0	2.22044604925e-16
6 comp?e	2	6.0	2.22044604925e-16
6 distribuci?n	4	6.0	2.22044604925e-16
6 d?nya	2	6.0	2.22044604925e-16
6 inclu?do	4	6.0	2.22044604925e-16
6 legisla??o	6	6.0	2.22044604925e-16
6 par?grafo	6	6.0	2.22044604925e-16
6 pe?as	2	6.0	2.22044604925e-16
6 pre?o	4	6.0	2.22044604925e-16
6 ?tens	2	6.0	2.22044604925e-16
6 t?tulo	6	6.0	2.22044604925e-16
6 v?agr?	2	6.0	2.22044604925e-16
6 vers?o	2	6.0	2.22044604925e-16
7 aqu?	2	7.0	2.22044604925e-16
7 ?ffffa	7	7.0	2.22044604925e-16
7 ?ffffb	2	7.0	2.22044604925e-16
7 promo??o	5	7.0	2.22044604925e-16
7 s?o	7	7.0	2.22044604925e-16
8 cr?dit	5	8.0	2.22044604925e-16
8 inform?tica	5	8.0	2.22044604925e-16
8 p?gina	5	8.0	2.22044604925e-16
8 poder?	8	8.0	2.22044604925e-16
9 f?r	7	9.0	2.22044604925e-16
9 j?	7	9.0	2.22044604925e-16
9 ?rea	6	9.0	2.22044604925e-16
10 ?????????????	3	10.0	2.22044604925e-16
10 electr?nico	8	10.0	2.22044604925e-16
10 maestr?a	1	10.0	2.22044604925e-16
10 oaxaque?os	4	10.0	2.22044604925e-16
10 soci?t?	3	10.0	2.22044604925e-16
11 m?s	7	11.0	2.22044604925e-16
11 tamb?m	9	11.0	2.22044604925e-16
11 teolog?a	1	11.0	2.22044604925e-16
12 tel?fonos	3	12.0	2.22044604925e-16
13 ?r?f?	5	13.0	2.22044604925e-16
14 voc?	6	14.0	2.22044604925e-16
17 v?agra	13	17.0	2.22044604925e-16
18 cr?ditos	1	18.0	2.22044604925e-16
18 est?	12	18.0	2.22044604925e-16
18 ?r?	8	18.0	2.22044604925e-16
19 informaci?n	7	19.0	2.22044604925e-16
20 guarant?e	20	20.0	2.22044604925e-16
21 n?o	14	21.0	2.22044604925e-16
22 m?xico	8	22.0	2.22044604925e-16
25 n?	9	25.0	2.22044604925e-16
28 ?r	6	28.0	2.22044604925e-16
34 ????????????	4	34.0	2.22044604925e-16
37 ??????????	6	37.0	2.22044604925e-16
49 ???????????	8	49.0	2.22044604925e-16
53 ?????????	10	53.0	2.22044604925e-16
73 ????????	11	73.0	2.22044604925e-16
81 ???????	13	81.0	2.22044604925e-16
106 ??????	19	106.0	2.22044604925e-16
144 ?????	16	144.0	2.22044604925e-16
182 ????	17	182.0	2.22044604925e-16
298 ?f?	7	298.0	2.22044604925e-16
384 ??	20	384.0	2.22044604925e-16
580 ???	29	580.0	2.22044604925e-16
